churn,customer_id,tenure_months,balance_to_salary_ratio,scaled_credit_score
0,7963,60.39934697978149,2.478339318945647,0.013703228691973204
1,2037,59.19293078055965,9.352976592132432,-0.05356838982532522
